Title,Price,Link
"Xem nhanh
Chăm Sóc & Nước HoaViên Nang Dưỡng Da Diadermine Giảm Nếp Nhăn, Làm Căng Da, 7 ViênĐược xếp hạng 5.00 5 sao
120.000 ₫",120.000 ₫,https://kenhxachtayduc.com/products/vien-nang-diadermine-lift-sofort-effekt-kapseln/
"-9%

 
Xem nhanh
Thực Phẩm Chức NăngVitamin Tổng Hợp Mivolis A Z Depot Ab Cho Người Trên 50 Tuổi, 100 ViênĐược xếp hạng 5.00 5 sao
230.000 ₫ Giá gốc là: 230.000 ₫.210.000 ₫Giá hiện tại là: 210.000 ₫.",230.000 ₫,https://kenhxachtayduc.com/products/vitamin-tong-hop-mivolis-a-z-depot-ab-50-100-vien/
"Xem nhanh
Cơ & KhớpThuốc Điều Trị Thoái Hóa Cột Sống, Thoát Vị Đĩa Đệm Keltican Forte, 40 Viên NangĐược xếp hạng 4.50 5 sao
1.250.000 ₫",1.250.000 ₫,https://kenhxachtayduc.com/products/keltican-forte/
"Xem nhanh
Chăm Sóc & Nước HoaXịt Khử Mùi Hôi Chân Scholl Fuss Deo Extra Frisch, 150mlĐược xếp hạng 4.00 5 sao
150.000 ₫",150.000 ₫,https://kenhxachtayduc.com/products/xit-khu-mui-hoi-chan-scholl-fuss-deo/
"-13%

 
Xem nhanh
Thực Phẩm Chức NăngSiro Kindervital mit Calcium + Vitamin D3 Cho Bé, 250ml
570.000 ₫ Giá gốc là: 570.000 ₫.495.000 ₫Giá hiện tại là: 495.000 ₫.",570.000 ₫,https://kenhxachtayduc.com/products/kindervital-mit-calcium-und-vitamin-d3/
"Xem nhanh
Thực Phẩm Chức NăngVitamin Tổng Hợp Altapharma A Z Depot Ab Cho Người Trên 50 Tuổi, 100 Viên
230.000 ₫",230.000 ₫,https://kenhxachtayduc.com/products/vitamin-tong-hop-altapharma-a-z-depot-ab-50/
"Xem nhanh
Tăng Cường Chức NăngViên Uống WARNKE Nattokinase 50mg Phòng Ngừa Tai Biến, Đột Quỵ, 60 ViênĐược xếp hạng 5.00 5 sao
330.000 ₫",330.000 ₫,https://kenhxachtayduc.com/products/vien-uong-warnke-nattokinase-50-mg-phong-ngua-tai-bien-dot-quy/
"Xem nhanh
Chăm Sóc & Nước HoaDao Cạo Râu Gillette Fusion 5 ProGlideĐược xếp hạng 5.00 5 sao
620.000 ₫",620.000 ₫,https://kenhxachtayduc.com/products/dao-cao-rau-gillette-fusion-5-proglide/
"Xem nhanh
Chăm Sóc & Nước HoaKem Dưỡng Da Balea Q10 Chống Lão Hóa Ban Ngày, 50 mlĐược xếp hạng 5.00 5 sao
180.000 ₫",180.000 ₫,https://kenhxachtayduc.com/products/balea-q10-anti-falten-tagescreme/
"Xem nhanh
Dưỡng & Ủ TócTinh Dầu Mọc Tóc Alpecin Coffein Liquid Chống Rụng Tóc, Chữa Hói Đầu, 200 mlĐược xếp hạng 5.00 5 sao
440.000 ₫",440.000 ₫,https://kenhxachtayduc.com/products/tinh-dau-moc-toc-alpecin-coffein-liquid/
